Channel Name,Subscriber Count,View Count,Topic Details,Keywords
1 / 4 Black Garrett,"47,300","1,129,233","https://en.wikipedia.org/wiki/Action_game, https://en.wikipedia.org/wiki/Role-playing_video_game, https://en.wikipedia.org/wiki/Action-adventure_game, https://en.wikipedia.org/wiki/Video_game_culture, https://en.wikipedia.org/wiki/Entertainment, https://en.wikipedia.org/wiki/Film","""1/4 Black Garrett"" ""Quarter Black Garrett"" Garrett Nerd ""Pop culture"" ""Fandom Menace"" ""Star Wars"" Gaming ""Lord of the Rings"" Crafter Maker Crafting ""Garrett's Lair"""
ActualJusticeWarrior,"404,000","134,281,745","https://en.wikipedia.org/wiki/Politics, https://en.wikipedia.org/wiki/Society",Actual Justice Warrior SJW news youtube comedy comentary Actualjusticewarrior reaction Politics News
Adam Patch,"1,110","1,513,478",None,None
Adam Post,"43,200","19,857,280","https://en.wikipedia.org/wiki/Politics, https://en.wikipedia.org/wiki/Society","comics ""comic books"" woke ""woke hollywood"" ""hollywood woke"" college collegelife"
Albeleo,"5,760","867,050","https://en.wikipedia.org/wiki/Action_game, https://en.wikipedia.org/wiki/Action-adventure_game, https://en.wikipedia.org/wiki/Role-playing_video_game, https://en.wikipedia.org/wiki/Video_game_culture","Albeleo ""movie review"" ""film review"" ""film criticism"" ""movie criticism"" ""critical movie review"" ""film critic"" ""movie explained"" explained ""pixel art"" ""starving artist"" film movies comedy ""funny reviews"" reviews ""movie explained"" ""movie analysis"" analysis rant explain critique criticism ""movie rant"" spoiler spoilers critical ""critical reviewer"" ""film explained"""
Alteori,"617,000","125,960,997","https://en.wikipedia.org/wiki/Film, https://en.wikipedia.org/wiki/Lifestyle_(sociology), https://en.wikipedia.org/wiki/Television_program, https://en.wikipedia.org/wiki/Entertainment","""movie reviews"" ""tv reviews"" explained movies tv television entertainment ""pop culture"" commentary funny ""movie commentary"" trending ALTEORI"
Andromeda,"175,000","45,050,562","https://en.wikipedia.org/wiki/Politics, https://en.wikipedia.org/wiki/Society",None
AndyPants Gaming,"185,000","11,637,500","https://en.wikipedia.org/wiki/Role-playing_video_game, https://en.wikipedia.org/wiki/Action_game, https://en.wikipedia.org/wiki/Video_game_culture, https://en.wikipedia.org/wiki/Action-adventure_game",None
AntiSimp,"57,400","17,043,369","https://en.wikipedia.org/wiki/Film, https://en.wikipedia.org/wiki/Society, https://en.wikipedia.org/wiki/Entertainment",None
Arch,"61,700","3,055,818","https://en.wikipedia.org/wiki/Lifestyle_(sociology), https://en.wikipedia.org/wiki/Entertainment",None
Asmongold,"3,130,000","3,019,788,891","https://en.wikipedia.org/wiki/Action_game, https://en.wikipedia.org/wiki/Action-adventure_game, https://en.wikipedia.org/wiki/Role-playing_video_game, https://en.wikipedia.org/wiki/Video_game_culture, https://en.wikipedia.org/wiki/Society, https://en.wikipedia.org/wiki/Politics","mmo mmorpg wow asmongold ffxiv ZackRawrr ""asmongold channel"" ""asmongold competition"" ""asmongold highlights"" ""asmongold mcconnell"" ""asmongold mount off"" ""asmongold pvp"" ""asmongold reacts"" ""asmongold dark souls"" ""classic tbc"" ""asmongold transmog"" ""world of warcraft"" ""asmongold welfare"" ""asmongold classic wow"" ""final fantasy xiv"" ""asmongold youtube"""
Asmongold Clips,"1,030,000","1,955,904,869","https://en.wikipedia.org/wiki/Role-playing_video_game, https://en.wikipedia.org/wiki/Video_game_culture, https://en.wikipedia.org/wiki/Action_game","Asmongold ""Asmongold Clips"""
Avram,"283,000","36,089,666","https://en.wikipedia.org/wiki/Tourism, https://en.wikipedia.org/wiki/Lifestyle_(sociology), https://en.wikipedia.org/wiki/Society","""Cosmin Avra"" vacante vlog de travel ""cum sa calatoresti ieftin"" cum sa calatoresti ieftin bilete ieftine avion calatorii thailanda italia roma backpackyourlife lostleblanc calatorie romani ""vloggeri romania"" ""vloggeri romani"" ""Cosmin Avram"" ""Cosmin Avram vlog"" Roma Vatican ""cosmin avram travel"" ""cosmin avram italia"" ""cum calatoresti ieftin"" ""bilete de avion ieftine"" ""gradina zoologica roma"""
Baggage Claim,"315,000","42,119,773","https://en.wikipedia.org/wiki/Entertainment, https://en.wikipedia.org/wiki/Society, https://en.wikipedia.org/wiki/Politics","""Royal Family"" ""Harry and Meghan"" ""Relationship analysis"" ""Personality Analysis"" ""Understanding narcissists"" Narcissism ""Relationship analysis"" Marvel wokeness"
Benny Johnson,"2,740,000","3,221,536,658","https://en.wikipedia.org/wiki/Society, https://en.wikipedia.org/wiki/Politics",None
BoldDebate,3,41,"https://en.wikipedia.org/wiki/Politics, https://en.wikipedia.org/wiki/Society",None
Bounding Into Comics ,"21,200","4,075,960","https://en.wikipedia.org/wiki/Action_game, https://en.wikipedia.org/wiki/Entertainment, https://en.wikipedia.org/wiki/Video_game_culture","""pop culture"" ""geek culture"" ""comic books"" anime gaming ""star wars"" ""star trek"" ""movie reviews"" ""movie trailers"" marvel mcu ""dc comics"""
Bowlestrek,"40,200","13,097,670","https://en.wikipedia.org/wiki/Television_program, https://en.wikipedia.org/wiki/Entertainment, https://en.wikipedia.org/wiki/Film","""tv on dvd"" ""dvd collection"" technology computers ""city tours"" husky"
Captain Meta,"1,400","220,196","https://en.wikipedia.org/wiki/Entertainment, https://en.wikipedia.org/wiki/Television_program, https://en.wikipedia.org/wiki/Film, https://en.wikipedia.org/wiki/Lifestyle_(sociology)","""Captain Meta"" ""Movie review"""
Chrissie Mayr,"100,000","19,741,969","https://en.wikipedia.org/wiki/Politics, https://en.wikipedia.org/wiki/Society, https://en.wikipedia.org/wiki/Entertainment","""chrissie mayr"" chrissie chrissy mayor cmp simpcast ""stand up"" comedy comedian interview social commentary livestream ""chrissie mayr podcast"" comic chrissy ""compound media"" ""friday night tights"" ""anthony cumia"" infowars ""tim pool"" ""opie and anthony"" fox fnt"
Chuck Dixon,"10,100","610,708","https://en.wikipedia.org/wiki/Lifestyle_(sociology), https://en.wikipedia.org/wiki/Entertainment, https://en.wikipedia.org/wiki/Hobby","""comic books"" writing critcism Batman Bane Punisher ""Marvel Comcs"" ""DC Comics"""
Clown Planet,"283,000","2,115,239",None,"news update headlines top daily comedy ""clown planet"""
Clownfish TV,"570,000","300,566,097","https://en.wikipedia.org/wiki/Entertainment, https://en.wikipedia.org/wiki/Society, https://en.wikipedia.org/wiki/Politics","anime animation comics movies cartoons art videogames geek drawing comicbooks games gaming commentary news podcast podcasting ""comic books"" ""star wars"" disney TTRPG tabletop"
Comic Artist Pro Secrets,"139,000","52,330,062","https://en.wikipedia.org/wiki/Lifestyle_(sociology), https://en.wikipedia.org/wiki/Entertainment, https://en.wikipedia.org/wiki/Hobby",None
Comix Division,"13,800","201,216","https://en.wikipedia.org/wiki/Film, https://en.wikipedia.org/wiki/Entertainment","movies reviews ""star wars"" dc marvel mcu"
Culture Casino,"26,300","2,463,106","https://en.wikipedia.org/wiki/Film, https://en.wikipedia.org/wiki/Entertainment, https://en.wikipedia.org/wiki/Society, https://en.wikipedia.org/wiki/Politics","""Pop Culture"" Entertainment Humor Movies TV Commentary Opinion Editorial Television Culture News ""Culture Casino YouTube"" ""Culture Casino"" ""Opinions That Don't Matter"" Nerdrotic ""WDW Pro"" ""That Park Place"" ""Midnight's Edge"" ""Midnight's Edge After Dark"" ""Mr. H Reviews"" ""The H Cast"" ""RK Oupost"" ""Dismal Disney"" ""Entertainment News 2024"""
Daily Insight,"32,900","6,796,104","https://en.wikipedia.org/wiki/Society, https://en.wikipedia.org/wiki/Politics","philosophy misanthropy minimalism contrarian outcast society mindfulness ""simple living"" intuition ""intuitive wisdom"" finance politics housing economy"
Dark Lord Mountain,280,"77,567","https://en.wikipedia.org/wiki/Television_program, https://en.wikipedia.org/wiki/Entertainment, https://en.wikipedia.org/wiki/Film","""Pop culture"" movies TV Books television ""Star Wars"" Horror ""Horror movies"" ""Slasher movies"" Dune ""Darth Vader"" ""Cult Classics"" Nerd Geek Mandalorian Grogu ""Sci-Fi films"" ""Film criticisms"" ""Cult classics"" ""Retro reviews"" ""1980s horror"""
Darth Aristysus,149,"3,822","https://en.wikipedia.org/wiki/Knowledge, https://en.wikipedia.org/wiki/Society, https://en.wikipedia.org/wiki/Lifestyle_(sociology)",None
DDayCobra,"153,000","38,661,400","https://en.wikipedia.org/wiki/Politics, https://en.wikipedia.org/wiki/Society","news ""geeks and gamers"" politics ""video games"""
Despot of Antrim,"109,000","14,384,865","https://en.wikipedia.org/wiki/Film, https://en.wikipedia.org/wiki/Entertainment, https://en.wikipedia.org/wiki/Lifestyle_(sociology)",None
Disparu,"283,000","85,349,307","https://en.wikipedia.org/wiki/Television_program, https://en.wikipedia.org/wiki/Entertainment, https://en.wikipedia.org/wiki/Film","Games Gaming PC Gameplay Review ""First Impression"" Overwatch Movies TV Television Entertainment Culture ""Pop Culture"""
Doctor Disaster,"94,400","12,801,989","https://en.wikipedia.org/wiki/Role-playing_video_game, https://en.wikipedia.org/wiki/Strategy_video_game, https://en.wikipedia.org/wiki/Action-adventure_game, https://en.wikipedia.org/wiki/Video_game_culture, https://en.wikipedia.org/wiki/Action_game",None
Drunk 3PO,"3,670","246,075","https://en.wikipedia.org/wiki/Role-playing_video_game, https://en.wikipedia.org/wiki/Strategy_video_game, https://en.wikipedia.org/wiki/Action-adventure_game, https://en.wikipedia.org/wiki/Video_game_culture, https://en.wikipedia.org/wiki/Action_game","drunkp3o ""drunk3po basement"" fortnite games gaming lives ""youtube lives"""
Eat Garbage,"5,020","1,291,038","https://en.wikipedia.org/wiki/Film, https://en.wikipedia.org/wiki/Entertainment, https://en.wikipedia.org/wiki/Video_game_culture",None
Echo Base Network,"43,200","6,662,273","https://en.wikipedia.org/wiki/Film, https://en.wikipedia.org/wiki/Entertainment","""Star Wars"" ""Star Wars news"" ""star wars breaking news"" ""star wars original trilogy"" ""star wars sequel trilogy"" ""star wars prequel trilogy"" ""the empire strikes back"" ""empire strikes back"" ""return of the jedi"" ""a new hope"" ""the phantom menace"" ""revenge of the sith"" ""george lucas"" lucasfilm ""star wars documentaries"" ""star wars clips"" ""star wars shorts"" mandalorian ahsoka ""boba fett"" ""luke skywalker"" ""darth vader"" grogu ""baby yoda"" ""kathleen kennedy"" ""disney star wars"""
ENDYMIONtv,"305,000","91,438,611","https://en.wikipedia.org/wiki/Role-playing_video_game, https://en.wikipedia.org/wiki/Action_game, https://en.wikipedia.org/wiki/Video_game_culture, https://en.wikipedia.org/wiki/Strategy_video_game, https://en.wikipedia.org/wiki/Action-adventure_game",Calgary Alberta
Enrobria,1,71,None,None
European Lore,"12,900","3,098,870","https://en.wikipedia.org/wiki/Lifestyle_(sociology), https://en.wikipedia.org/wiki/Entertainment, https://en.wikipedia.org/wiki/Film",None
Fan Advocacy Network,"13,900","2,922,233","https://en.wikipedia.org/wiki/Society, https://en.wikipedia.org/wiki/Role-playing_video_game, https://en.wikipedia.org/wiki/Action_game, https://en.wikipedia.org/wiki/Video_game_culture","""star wars"""
Fanscape,24,"1,030","https://en.wikipedia.org/wiki/Video_game_culture, https://en.wikipedia.org/wiki/Film, https://en.wikipedia.org/wiki/Entertainment, https://en.wikipedia.org/wiki/Lifestyle_(sociology), https://en.wikipedia.org/wiki/Music","""game reviews"" ""virtual reality"" vr games ""fan fiction"" fan fiction ao3 fanfic.net art review podcast infinit fern fanscape reviewscape artscape"
Flashgitz,"4,420,000","1,010,360,920","https://en.wikipedia.org/wiki/Video_game_culture, https://en.wikipedia.org/wiki/Entertainment, https://en.wikipedia.org/wiki/Film, https://en.wikipedia.org/wiki/Lifestyle_(sociology)",None
FreedomToons,"1,040,000","256,542,805","https://en.wikipedia.org/wiki/Politics, https://en.wikipedia.org/wiki/Lifestyle_(sociology), https://en.wikipedia.org/wiki/Film, https://en.wikipedia.org/wiki/Entertainment, https://en.wikipedia.org/wiki/Society","animation cartoons politics conservative freedom satire ""political satire"""
Fringy,53200,3495730,"https://en.wikipedia.org/wiki/Role-playing_video_game, https://en.wikipedia.org/wiki/Action_game, https://en.wikipedia.org/wiki/Video_game_culture, https://en.wikipedia.org/wiki/Action-adventure_game",None
Game Knights,"749,000","253,778,602","https://en.wikipedia.org/wiki/Strategy_video_game, https://en.wikipedia.org/wiki/Video_game_culture","""Magic: the Gathering"" ""Collectible Card Game"" EDH ""Elder Dragon Highlander"" Commander ""card game"" ccg ""trading card game"" magic gameplay game knights"
Geeks and Gamers,"411,000","225,784,778","https://en.wikipedia.org/wiki/Film, https://en.wikipedia.org/wiki/Entertainment, https://en.wikipedia.org/wiki/Video_game_culture, https://en.wikipedia.org/wiki/Action_game",None
George the Giant Slayer,"178,000","22,671,528","https://en.wikipedia.org/wiki/Film, https://en.wikipedia.org/wiki/Entertainment",None
Graham Cast,"146,000","9,049,705","https://en.wikipedia.org/wiki/Politics, https://en.wikipedia.org/wiki/Society","funny ""Graham Allen"" ""Dear America"" ""Donald Trump"" conservative news comedy ""dear america with graham allen"" ""political news"" ""graham allen rant"" ""graham allen funny"" entertainment Republican Podcast ""Talk Show"""
Greg Owen,"72,900","9,482,116","https://en.wikipedia.org/wiki/Film, https://en.wikipedia.org/wiki/Entertainment","""pop culture"" commentary movies reviews tv ""video games"" books politics"
GriffinGaming,955,"177,285","https://en.wikipedia.org/wiki/Action_game, https://en.wikipedia.org/wiki/Role-playing_video_game, https://en.wikipedia.org/wiki/Action-adventure_game, https://en.wikipedia.org/wiki/Video_game_culture","Gaming ""Flight simulator"" Comedy Skits Entertainment"
Grizzy,"2,080,000","460,868,002","https://en.wikipedia.org/wiki/Action_game, https://en.wikipedia.org/wiki/Action-adventure_game, https://en.wikipedia.org/wiki/Video_game_culture, https://en.wikipedia.org/wiki/Role-playing_video_game",grizzy funny moments gameplay comedy games
HeelvsBabyFace,"383,000","167,099,473","https://en.wikipedia.org/wiki/Role-playing_video_game, https://en.wikipedia.org/wiki/Video_game_culture, https://en.wikipedia.org/wiki/Action_game, https://en.wikipedia.org/wiki/Entertainment, https://en.wikipedia.org/wiki/Action-adventure_game","""Heel vs Babyface"" HeelvsBabyface review entertainment comedy rant ""pop culture"" geek ""video games"" ""doctor who"" ""star trek"" comics sci-fi"
Hero Hei,"617,000","415,191,102","https://en.wikipedia.org/wiki/Role-playing_video_game, https://en.wikipedia.org/wiki/Action_game, https://en.wikipedia.org/wiki/Video_game_culture, https://en.wikipedia.org/wiki/Action-adventure_game","anime manga ""virtual youtubers"" herohei gaming ""genshin impact"" twitter ""hero hei"""
Hypnotic,"146,000","13,053,663","https://en.wikipedia.org/wiki/Health, https://en.wikipedia.org/wiki/Lifestyle_(sociology)",None
Jedi Brooks,"49,700","10,648,434","https://en.wikipedia.org/wiki/Entertainment, https://en.wikipedia.org/wiki/Film",None
Jesse Grant,326,"26,665","https://en.wikipedia.org/wiki/Hobby, https://en.wikipedia.org/wiki/Entertainment, https://en.wikipedia.org/wiki/Film, https://en.wikipedia.org/wiki/Lifestyle_(sociology)",None
JesterBell,"26,200","3,276,924","https://en.wikipedia.org/wiki/Film, https://en.wikipedia.org/wiki/Entertainment, https://en.wikipedia.org/wiki/Lifestyle_(sociology)","shortfilm review reaction ""my thoughts"" parody horror"
John Talks,"81,900","52,613,447","https://en.wikipedia.org/wiki/Film, https://en.wikipedia.org/wiki/Entertainment","""joe biden"" biden trump politics ""john talks"" ""john talks 2"" republicans democrats news ""breaking news"" ""current events"""
Jon Del Arroz,"47,300","10,812,924","https://en.wikipedia.org/wiki/Society, https://en.wikipedia.org/wiki/Action_game, https://en.wikipedia.org/wiki/Video_game_culture, https://en.wikipedia.org/wiki/Role-playing_video_game","""comic books"" ""science fiction"" ""jon del arroz"" ""jonathan del arroz"" ""jon del arroz author"" ""jon del arroz sci-fi"" ""geeks + gamers"" ""gaming news"" ""movie news"" ""comic book news"" ""pop culture news"" ""gaming news"" ""gaming journalism"" ""mcu news"" ""dcu news"" ""the quartering"" ""tim pool"" yellowflash ""conservative culture"" ""marvel comics"" anti-woke ""eric july"" nerdrotic ""ryan kinel"" ""jda comics"" hollywood news commentary ""movie news"" disney ""star wars"" entertainment movies disney marvel film ""star wars"""
JosiahRises,"412,000","212,153,480","https://en.wikipedia.org/wiki/Society, https://en.wikipedia.org/wiki/Entertainment, https://en.wikipedia.org/wiki/Politics","reaction hollywood commentary ""movie news"" movies ""lord of the rings"" review culture"
JUST A ROBOT,"203,000","33,280,094","https://en.wikipedia.org/wiki/Film, https://en.wikipedia.org/wiki/Entertainment, https://en.wikipedia.org/wiki/Lifestyle_(sociology)","review Disney ""Star Wars"" Woke Marvel Drama"
JustSomeGuy,"203,000","54,955,432","https://en.wikipedia.org/wiki/Film, https://en.wikipedia.org/wiki/Entertainment, https://en.wikipedia.org/wiki/Lifestyle_(sociology)","comic comics ""comic book"" ""comic books"" review reviews Marvel ""Marvel comics"" dc ""dc comics"" ""diversity in comics"" ""just some guy"" justsomeguy reikeita"
Knights of Melvin,"10,100","1,718,035","https://en.wikipedia.org/wiki/Entertainment, https://en.wikipedia.org/wiki/Film","""star wars"" ""star wars theory"" ""knights of ren"" ""darth vader"" ""empire strikes back"" ""return of the jedi"" ""luke skywalker"" ""jj abrams"" ""rian johnson"" ""last jedi"" ""rise of skywalker"" ""phantom menace"" ""george lucas"" ""revenge of the sith"" ""fandom menace"" ""geeks and gamers"" sith palpatine lucasfilm ""kathleen kennedy"" ""star wars fan film"" ""star wars theory"" ""star wars theory shill"" ""mike zeroh"" ""mike zeroh exposed"" ""dark side"" ""disney shill"" ""cara dune"" ""gina carano"" ""kathleen kennedy fired"""
KNIGHTS WATCH,"164,000","23,303,710","https://en.wikipedia.org/wiki/Society, https://en.wikipedia.org/wiki/Lifestyle_(sociology), https://en.wikipedia.org/wiki/Television_program, https://en.wikipedia.org/wiki/Entertainment",None
KNIGHTWING1,"342,000","171,711,181","https://en.wikipedia.org/wiki/Action-adventure_game, https://en.wikipedia.org/wiki/Action_game, https://en.wikipedia.org/wiki/Role-playing_video_game, https://en.wikipedia.org/wiki/Video_game_culture","""Wii U"" ""game reviews"" ""game news"" Nintendo reviews gameplay guides Wii 3DS retro classic games tgs let's play mario zelda metroid kirby brawl chrono trigger Batman Lego graphics Nes Snes Gen N64 Dc GBA Gamecube GC DS DSi ""3DS reviews"" videogame ""Wii reviews"" ""Wii U Reviews"" ""Nintendo News"" ""the real game master"" ""Retro Mondays"""
Liberal Hivemind,"1,530,000","673,928,919","https://en.wikipedia.org/wiki/Society, https://en.wikipedia.org/wiki/Politics",None
Literature Devil,"132,000","10,709,974",https://en.wikipedia.org/wiki/Entertainment,"""Creative writing"" ""Pop culture"" fiction ""Media Commentary"" philosophy movies comics television books"
LostChord,"45,000","2,352,320","https://en.wikipedia.org/wiki/Film, https://en.wikipedia.org/wiki/Entertainment",None
Matt Walsh,"3,120,000","1,086,329,313","https://en.wikipedia.org/wiki/Politics, https://en.wikipedia.org/wiki/Society","""The Matt Walsh Show"" ""daily wire"" ""Matt Walsh"" politics republican democrat liberal news ""current events"" culture ""Ben Shapiro"" ""Michael Knowles"" ""Andrew Klavan"" sjw Trump ""Donald Trump"" Biden ""Joe Biden"" cops police journalism conservative podcast sjw trump funny college university liberty hangout of liberals crazy west ""sjw triggered"" ""sjw triggered compilation"" ""sjw cringe"" ""sjw cringe compilation"" ""sjw fail"" ""sjw fails compilation"" ""steven crowder"" ""sjw vs logic"" ""sjws owned"""
Mauler,"491,000","101,939,774","https://en.wikipedia.org/wiki/Role-playing_video_game, https://en.wikipedia.org/wiki/Entertainment, https://en.wikipedia.org/wiki/Action-adventure_game, https://en.wikipedia.org/wiki/Video_game_culture, https://en.wikipedia.org/wiki/Action_game, https://en.wikipedia.org/wiki/Film",None
Mecharandom42,1,32,None,None
Memology101,"558,000","535,517,503","https://en.wikipedia.org/wiki/Society, https://en.wikipedia.org/wiki/Politics","Memes ""Memology 101"" ""Memology 102"" news"
MGOW,"53,800","18,764,856","https://en.wikipedia.org/wiki/Video_game_culture, https://en.wikipedia.org/wiki/Society, https://en.wikipedia.org/wiki/Role-playing_video_game","""Men’s Issues"" ""Video Games"" ""Entertainment News"" Manga Anime Comics ""Geek Culture"" ""Pop Culture Commentary"" Anti-Censorship ""Gaming Commentary"""
Michael Fitzgerald Troy,"2,400","440,366","https://en.wikipedia.org/wiki/Lifestyle_(sociology), https://en.wikipedia.org/wiki/Hobby, https://en.wikipedia.org/wiki/Entertainment",None
Midnight’s Edge,"256,000","71,364,808","https://en.wikipedia.org/wiki/Society, https://en.wikipedia.org/wiki/Entertainment, https://en.wikipedia.org/wiki/Film","""Genre Entertainment"" ""Film Production"" ""Star Trek"" Marvel DC ""Star Wars"" ""Conan The Barbarian"" He-Man ""Masters of the Universe"" ""Judge Dredd"" Hellraiser Ghostbusters"
Midnight’s Edge Live,"256,000","71,364,808","https://en.wikipedia.org/wiki/Film, https://en.wikipedia.org/wiki/Entertainment, https://en.wikipedia.org/wiki/Society","""Genre Entertainment"" ""Film Production"" ""Star Trek"" Marvel DC ""Star Wars"" ""Conan The Barbarian"" He-Man ""Masters of the Universe"" ""Judge Dredd"" Hellraiser Ghostbusters"
Midnight's Edge After Dark,24200,2619123,"https://en.wikipedia.org/wiki/Film, https://en.wikipedia.org/wiki/Entertainment, https://en.wikipedia.org/wiki/Music","news Hollywood politics film movie television live ""Midnight's Edge"""
Midnight's Edge Live Archives,256000,71395229,"https://en.wikipedia.org/wiki/Film, https://en.wikipedia.org/wiki/Entertainment, https://en.wikipedia.org/wiki/Society","""Genre Entertainment"" ""Film Production"" ""Star Trek"" Marvel DC ""Star Wars"" ""Conan The Barbarian"" He-Man ""Masters of the Universe"" ""Judge Dredd"" Hellraiser Ghostbusters"
Millennia Thinker,"1,080,000","188,908,728","https://en.wikipedia.org/wiki/Film, https://en.wikipedia.org/wiki/Entertainment, https://en.wikipedia.org/wiki/Lifestyle_(sociology)","meme animation doomer boomer funny wojak satire parody humor chad chads cartoon ""e girl"" e-girl egirls thot thots ""millennia thinker"" millenniathinker millennialthinker"
MooLer,"148,000","92,476,232","https://en.wikipedia.org/wiki/Film, https://en.wikipedia.org/wiki/Video_game_culture, https://en.wikipedia.org/wiki/Entertainment",None
Moon,"65,600","14,238,852","https://en.wikipedia.org/wiki/Casual_game, https://en.wikipedia.org/wiki/Simulation_video_game, https://en.wikipedia.org/wiki/Video_game_culture","sims ""sims 4"" challenge défi moon game origin ea construction décoration game play gameplay ""lets play"" challenge défi ""sims 4 100 baby"" ""ville des abonnés"" ""grosse construction"" ""1 pièce ="" marine"
Nerd Word,"19,200","1,813,465","https://en.wikipedia.org/wiki/Film, https://en.wikipedia.org/wiki/Entertainment",None
Nerdrotic,"1,150,000","272,065,421","https://en.wikipedia.org/wiki/Film, https://en.wikipedia.org/wiki/Entertainment, https://en.wikipedia.org/wiki/Television_program","nerdrotic ""gary nerdrotic"" ""doctor who nerdrotic"" ""star trek nerdrotic"" ""rip doctor who"" ""star wars nerdrotic"" ""marvel nerdrotic"""
NerdWars,18600,1420951,"https://en.wikipedia.org/wiki/Entertainment, https://en.wikipedia.org/wiki/Film",Nerd culture pop news documentary
No Bullshit / No BS,"553,000","167,709,415","https://en.wikipedia.org/wiki/Politics, https://en.wikipedia.org/wiki/Society, https://en.wikipedia.org/wiki/Entertainment",comedy commentary reviews rebuttals news entertainment politics
Nyrion,"26,600","9,419,570","https://en.wikipedia.org/wiki/Action-adventure_game, https://en.wikipedia.org/wiki/Action_game, https://en.wikipedia.org/wiki/Role-playing_video_game, https://en.wikipedia.org/wiki/Video_game_culture, https://en.wikipedia.org/wiki/Entertainment",None
Odin’s Movie Blog,"27,500","5,616,549","https://en.wikipedia.org/wiki/Entertainment, https://en.wikipedia.org/wiki/Film","movies film critic disney ""star wars"" ""movie reviews"" ""pop culture"" ""live streaming"" ""nerd culture"" nerd ""fandom menace"" ""odins movie blog"" ""odin movie blog"" ""geeks and gamers"" nerdrotic ""omb reviews"" ""the flick pick"" ""box office"" criterion ""criterion channel"" ""retro reviews"" ""japanese cinema"" ""japanese film"" samurai ""samurai movies"""
OMB Reviews,"27,500","5,616,549","https://en.wikipedia.org/wiki/Entertainment, https://en.wikipedia.org/wiki/Film","movies film critic disney ""star wars"" ""movie reviews"" ""pop culture"" ""live streaming"" ""nerd culture"" nerd ""fandom menace"" ""odins movie blog"" ""odin movie blog"" ""geeks and gamers"" nerdrotic ""omb reviews"" ""the flick pick"" ""box office"" criterion ""criterion channel"" ""retro reviews"" ""japanese cinema"" ""japanese film"" samurai ""samurai movies"""
Overlord DVD,"343,000","72,961,291","https://en.wikipedia.org/wiki/Film, https://en.wikipedia.org/wiki/Entertainment, https://en.wikipedia.org/wiki/Society","Doomcock ""Harvey Cthuhlu"" ""Overlord DVD"""
Paul Joseph Watson,"2,020,000","695,534,800","https://en.wikipedia.org/wiki/Politics, https://en.wikipedia.org/wiki/Society, https://en.wikipedia.org/wiki/Entertainment","""Paul Joseph Watson"" Infowars ""Prison Planet"" ""New World Order"" Bilderberg Illuminati Conspiracy Politics"
Phil’s Father Factor,445,"31,795","https://en.wikipedia.org/wiki/Entertainment, https://en.wikipedia.org/wiki/Film, https://en.wikipedia.org/wiki/Video_game_culture",None
Podcast of the Lotus Eaters,"458,000","299,895,403","https://en.wikipedia.org/wiki/Society, https://en.wikipedia.org/wiki/Politics","""Lotus Eaters"" lotuseaters.com podcast politics culture ""Carl Benjamin"""
Polite Leader,"123,000","16,822,016","https://en.wikipedia.org/wiki/Religion, https://en.wikipedia.org/wiki/Society",None
PowerfulJRE,"18,600,000","5,680,722,970","https://en.wikipedia.org/wiki/Society, https://en.wikipedia.org/wiki/Entertainment, https://en.wikipedia.org/wiki/Film",The Joe Rogan Experience
Rafe Heydel-Mankoo,"72,000","17,838,300","https://en.wikipedia.org/wiki/Television_program, https://en.wikipedia.org/wiki/Politics, https://en.wikipedia.org/wiki/Society, https://en.wikipedia.org/wiki/Entertainment",Royal Commentator Monarchy Debate Royalty Honours System Rafal Heydel-Mankoo Monarchist Royalist Rafe
Rags,311000,48549790,"https://en.wikipedia.org/wiki/Action-adventure_game, https://en.wikipedia.org/wiki/Action_game, https://en.wikipedia.org/wiki/Role-playing_video_game, https://en.wikipedia.org/wiki/Video_game_culture","Rags pc ""pc master race"" dog ""pc gaming"" ""video games"""
Reaper,"13,300","869,083","https://en.wikipedia.org/wiki/Technology, https://en.wikipedia.org/wiki/Video_game_culture, https://en.wikipedia.org/wiki/Lifestyle_(sociology)",None
Renaissance Nerd,"3,800","580,709","https://en.wikipedia.org/wiki/Film, https://en.wikipedia.org/wiki/Role-playing_video_game, https://en.wikipedia.org/wiki/Video_game_culture, https://en.wikipedia.org/wiki/Entertainment",None
RenownedZ3r0,2420,669270,"https://en.wikipedia.org/wiki/Action_game, https://en.wikipedia.org/wiki/Lifestyle_(sociology), https://en.wikipedia.org/wiki/Society, https://en.wikipedia.org/wiki/Video_game_culture, https://en.wikipedia.org/wiki/Hobby",None
Robot Head,343000,62546326,"https://en.wikipedia.org/wiki/Film, https://en.wikipedia.org/wiki/Entertainment, https://en.wikipedia.org/wiki/Humour","""Movie Review"" ""Star Wars Review"" ""movie review"" ""star wars"" ""trailer review"" breakdown ""movie trailer"" movies ""movie trailers"" ""Movie News"" Film Hollywood ""Bob Lazar"" ""Area 51"" ""Game of Thrones"" ""The Boys"" ""The Boys Review"" ""The Boys Season 2"""
Ryan Kinel,330000,232635897,"https://en.wikipedia.org/wiki/Politics, https://en.wikipedia.org/wiki/Entertainment, https://en.wikipedia.org/wiki/Society, https://en.wikipedia.org/wiki/Film","""Disney Star Wars"" ""Marvel cinematic universe"" ""fitness motivation"" ""Star Wars Expanded universe"" ""culture war"" ""DC Comics"" Legends ""Star Wars"" ""Expanded Universe"" ""Geeks and Gamers"" Geeks+Gamers ""The Fandom Menace"" ""Fandom Menace"" MCU ""Zack Snyder"" ""Snyder Cut"" comics ""rk outpost"" ""ryan kinel"" DC DCEU ""DC Extended Universe"" ""video games"" gaming"
Salty Cracker,860000,116095524,"https://en.wikipedia.org/wiki/Politics, https://en.wikipedia.org/wiki/Society",redpill conservative maga donald trump 45 republican politics antifa globalism globalist democrat socialism socialist communism communist america usa
SC Reviews,267000,16544497,"https://en.wikipedia.org/wiki/Politics, https://en.wikipedia.org/wiki/Society",None
Shadiversity,1680000,310689911,"https://en.wikipedia.org/wiki/Hobby, https://en.wikipedia.org/wiki/Lifestyle_(sociology)",Pop culture swords medieval education castle castles middle ages rpg fantasy video game roleplaying role
SimpSaverSam,120000,49603092,"https://en.wikipedia.org/wiki/Entertainment, https://en.wikipedia.org/wiki/Society, https://en.wikipedia.org/wiki/Film","SIMP SIMPING COMEDY DATING ""STOP SIMPING"" ""MODERN WOMEN"""
SKizzle,249000,101779744,"https://en.wikipedia.org/wiki/Action-adventure_game, https://en.wikipedia.org/wiki/Action_game, https://en.wikipedia.org/wiki/Video_game_culture, https://en.wikipedia.org/wiki/Role-playing_video_game","skizzle ""try not to laugh"" ""gta 6"" gta ""gta 5"" ""gta online"" cod ""call of duty"" warzone ""black ops"" ""modern warfare"" fortnite battlefield ""gta 6 trailer"" ""gta 6 gameplay"" ""gta 6 leak"" ""rockstar games"" activision xbox ps5 playstation ps4 ps3 cheaters memes swagg nadia drdisrespect timthetatman xqc asmongold ""faze jev"" ""gamers caught cheating"" ""gta vi"" ""forex trading"" woke ign"
Smudboy,20200,12103037,"https://en.wikipedia.org/wiki/Entertainment, https://en.wikipedia.org/wiki/Lifestyle_(sociology), https://en.wikipedia.org/wiki/Action_game, https://en.wikipedia.org/wiki/Video_game_culture","Plot Analysis Bioware ""Objective Observation"" ""Critical Analysis"" Media ""video games"" movies tv"
Snarky Jay,218000,24296093,"https://en.wikipedia.org/wiki/Film, https://en.wikipedia.org/wiki/Entertainment, https://en.wikipedia.org/wiki/Lifestyle_(sociology)",None
Star Wars Theory,3330000,1202595090,"https://en.wikipedia.org/wiki/Film, https://en.wikipedia.org/wiki/Entertainment","""star wars"" ""star wars explained"" ""star wars theory"" ""mace windu"" yoda ""darth vader"" ""luke skywalker"" ""anakin skywalker"" ""darth sidious"" palpatine ""vader fan film"" ""the mandalorian"" ""the mandalorian season 2 breakdown"" ""the clone wars"" disney ""darth maul"" ""the mandalorian breakdown"" ""lightsaber review"" ""star wars theory breakdown"" ""hayden christensen"" ""boba fett"" grogu ""ahsoka tano"" ""count dooku"" ""star wars trailer"" ""star wars game"" snoke ""kylo ren"" ""george lucas"" kenobi ""anakin vs obi wan"""
Sydney Watson,996000,108482619,"https://en.wikipedia.org/wiki/Entertainment, https://en.wikipedia.org/wiki/Society, https://en.wikipedia.org/wiki/Humour",None
Synthetic Man,141000,28044449,"https://en.wikipedia.org/wiki/Role-playing_video_game, https://en.wikipedia.org/wiki/Action_game, https://en.wikipedia.org/wiki/Video_game_culture, https://en.wikipedia.org/wiki/Action-adventure_game",video gaming
Testify,132000,17505458,"https://en.wikipedia.org/wiki/Religion, https://en.wikipedia.org/wiki/Society","""Christian apologetics"" Christianity apologetics Miracles Religion ""Philosophy of Religion"" ""Reliability of the Bible"" ""Resurrection of Jesus"" Bible ""New Testament"" ""Christian Testimony"" Atheism Christian Bible ""Historical Jesus"" ""Religion and Spirituality"" Apologetics Faith Jesus ""Jesus Christ"""
That Star Wars Girl,249000,30833923,"https://en.wikipedia.org/wiki/Film, https://en.wikipedia.org/wiki/Entertainment, https://en.wikipedia.org/wiki/Lifestyle_(sociology)","""That Star Wars Girl"" ""Anna That Star Wars Girl"" TSWG ""Anna TSWG"" ""Star Wars"" Marvel DC"
Thatâ€™s Retarded,5530,8024875,"https://en.wikipedia.org/wiki/Television_program, https://en.wikipedia.org/wiki/Hip_hop_music, https://en.wikipedia.org/wiki/Entertainment, https://en.wikipedia.org/wiki/Film, https://en.wikipedia.org/wiki/Humour, https://en.wikipedia.org/wiki/Music",None
ThatUmbrellaGuy,389000,147152387,"https://en.wikipedia.org/wiki/Politics, https://en.wikipedia.org/wiki/Society","comics comic comicbooks comicgate manga anime animegate dubgate dubsgate thatumbrellaguy tug thatumbrellaguy ""umbrella guy"" ""that umbrella guy"" ""that umbrella man"" ""umbrella man"" umbrella ""johnny depp"" ""amber heard"" depp heard"
The ArchCast,"103,000","35,561,353","https://en.wikipedia.org/wiki/Role-playing_video_game, https://en.wikipedia.org/wiki/Strategy_video_game, https://en.wikipedia.org/wiki/Action_game, https://en.wikipedia.org/wiki/Video_game_culture, https://en.wikipedia.org/wiki/Action-adventure_game","wargaming arch gaming reviews commentary ""gaming culture"" gatekeeping gatekeep reaction warhammer entertainment ""pop culture"" future 40k ""trending news"""
The Babylon Bee,1720000,326238083,"https://en.wikipedia.org/wiki/Politics, https://en.wikipedia.org/wiki/Entertainment, https://en.wikipedia.org/wiki/Film, https://en.wikipedia.org/wiki/Society","""babylon bee"" parody satire comedy conservative humor"
The Based Conservative,281000,68963279,"https://en.wikipedia.org/wiki/Politics, https://en.wikipedia.org/wiki/Society",None
The Comments Section with Bret Cooper,4500000,3591075057,"https://en.wikipedia.org/wiki/Society, https://en.wikipedia.org/wiki/Politics, https://en.wikipedia.org/wiki/Entertainment","""The Comments Section"" ""Comments Section"" Brett Cooper ""Brett Cooper"" ""Daily Wire"" ""The Daily Wire"" ""Ben Shapiro"" ""Candace Owens"" ""Matt Walsh"" ""Michael Knowles"" Conservative TikTok Woke SJW ""Woke TikTok"" React Reaction Reactions ""Reaction video"" Leftist liberal republican democrat culture movies entertainment review ""The Comments Section with Brett Cooper"" ""with Brett Cooper"" comments ""react to comment"" ""react to comments"" ""comments section reaction"" ""comments section reactions"" politics"
The Critical Drinker,2170000,707028581,"https://en.wikipedia.org/wiki/Film, https://en.wikipedia.org/wiki/Entertainment",Star Wars Lucasfilm Kathleen Kennedy George Lucas Luke Skywalker Book reviews Auel comedy Ayla Earth's Children Gabaldon Outlander videogames resident evil movie
The Critical Drinker After Hours,455000,166307709,"https://en.wikipedia.org/wiki/Film, https://en.wikipedia.org/wiki/Entertainment",reviews movies
The Daily Wire,3350000,1022788101,"https://en.wikipedia.org/wiki/Society, https://en.wikipedia.org/wiki/Politics","""The Daily Wire"" ""Daily Wire"" ""Ben Shapiro"" ""Andrew Klavan"" ""Michael Knowles"" ""The Ben Shapiro Show"" ""The Andrew Klavan Show"" ""The Michael Knowles Show"" ""Elisha Krauss"""
The Movie Cynic,154000,26507864,"https://en.wikipedia.org/wiki/Film, https://en.wikipedia.org/wiki/Entertainment, https://en.wikipedia.org/wiki/Television_program",None
The Poor Man’s Podcast Reacts,889000,311339339,"https://en.wikipedia.org/wiki/Politics, https://en.wikipedia.org/wiki/Society, https://en.wikipedia.org/wiki/Entertainment","""Funny conservative"" podcast comedy ""funny democrat"" ""The poor mans podcast"""
The Quartering,1820000,1664002963,"https://en.wikipedia.org/wiki/Society, https://en.wikipedia.org/wiki/Politics","""video games"" ""pc gaming"" xbox playstation commentary hollywood movies streaming technology gaming ""movie reviews"" technology"
The Rubin Report,2660000,1676885342,"https://en.wikipedia.org/wiki/Politics, https://en.wikipedia.org/wiki/Entertainment, https://en.wikipedia.org/wiki/Television_program, https://en.wikipedia.org/wiki/Society","â€œthe rubin reportâ€ â€œrubin â€œdave rubinâ€ â€œnewsâ€ â€œpolitical newsâ€ â€œidwâ€ â€œheterodoxâ€ â€œcurrent eventsâ€ â€œfree speechâ€ â€œfreedom of speech scienceâ€ â€œintellectual dark webâ€ â€œcritical thinkingâ€ â€œpoliticsâ€ â€œdemocracyâ€ â€œpolarizationâ€ â€œrubinâ€ ""political correctnessâ€ â€œdavid rubin"""
The Trent Report,10500,3565955,"https://en.wikipedia.org/wiki/Action_game, https://en.wikipedia.org/wiki/Action-adventure_game, https://en.wikipedia.org/wiki/Role-playing_video_game, https://en.wikipedia.org/wiki/Video_game_culture",None
The Uber Geek,5170,812175,"https://en.wikipedia.org/wiki/Television_program, https://en.wikipedia.org/wiki/Entertainment, https://en.wikipedia.org/wiki/Film",None
The Woke Critic,64300,6483309,"https://en.wikipedia.org/wiki/Film, https://en.wikipedia.org/wiki/Entertainment, https://en.wikipedia.org/wiki/Television_program","thewokecritic ""the woke critic"" wokecritic ""woke critic"" wokedown ""funny movie reviewer"" ""comedy movie review"" ""funny movie reviews"" ""funny tv reviews"" she-hulk shehulk prey predator ringsofpower ""rings of power"" ""marvel reviewer"" ""british humour"" ""british humor"" ""yorkshire accent"" ""british accent"" ""hilarious review"" ""woke review"" ""woke reviewers"" ""woke tv shows"" ""woke movies"""
TheCommonNerds,1420,259852,"https://en.wikipedia.org/wiki/Film, https://en.wikipedia.org/wiki/Entertainment, https://en.wikipedia.org/wiki/Society",None
Think Before You Sleep,904000,175688668,"https://en.wikipedia.org/wiki/Society, https://en.wikipedia.org/wiki/Lifestyle_(sociology)",TBYS
Thinking Critical,37400,18973364,"https://en.wikipedia.org/wiki/Society, https://en.wikipedia.org/wiki/Hobby, https://en.wikipedia.org/wiki/Lifestyle_(sociology), https://en.wikipedia.org/wiki/Entertainment","Comics Movies Reviews news ""comic books"" superheroes commentary ""DC Comics"" ""Marvel Comics"" ""Indie Comics"" MCU ""culture war"" DCEU comicbooks"
Thorias Unlimited,53000,11731362,"https://en.wikipedia.org/wiki/Film, https://en.wikipedia.org/wiki/Entertainment, https://en.wikipedia.org/wiki/Television_program",None
Timcast IRL,2190000,1329259964,"https://en.wikipedia.org/wiki/Politics, https://en.wikipedia.org/wiki/Society","""timcast irl"" ""tim pool"" ""tim pool podcast"""
Tyrone Magnus,2010000,694168607,"https://en.wikipedia.org/wiki/Entertainment, https://en.wikipedia.org/wiki/Film, https://en.wikipedia.org/wiki/Politics, https://en.wikipedia.org/wiki/Society","""try not to laugh"" challenge react reactions gaming ""movie reviews"" unboxing gamer funny comedy q&a news ""tyrone magnus"" black man male movies entertainment youtuber youtuber streamer movies"
Valutainment,6320000,2004787708,"https://en.wikipedia.org/wiki/Politics, https://en.wikipedia.org/wiki/Society","""entrepreneur entrepreneur university entrepreneur therapy"" entrepreneurs entrepreneur capitalism ""free enterprise"" ""patrick bet david"" valuetainment education business ""start ups"" valuetainment ""Patrick Bet-David"" ""Valuetainment Media"""
Virtuous Men,7,3155,"https://en.wikipedia.org/wiki/Health, https://en.wikipedia.org/wiki/Lifestyle_(sociology)",None
Vito Gesualdi,244000,36508488,"https://en.wikipedia.org/wiki/Film, https://en.wikipedia.org/wiki/Entertainment, https://en.wikipedia.org/wiki/Video_game_culture","""star wars"" ""everything wrong with"" ""the last jedi"" holdo ""worst character"" ""worst movie ever"" ""ruined star wars"" ""worst star wars movie"" ""why the last jedi sucks"" ""luke skywalker"" ""the last jedi review"" ""killed star wars"" ""why the last jedi is bad"" ""last jedi analysis"" ""what's wrong with"" ""why holdo"" ""why the last jedi"" ""last jedi gotcha"" ""star wars gotcha"" cinemasins ""last jedi sucks"" minecraft"
WaywardCulture,773,88774,"https://en.wikipedia.org/wiki/Film, https://en.wikipedia.org/wiki/Entertainment, https://en.wikipedia.org/wiki/Television_program",None
Weaponized Nerd Rage,43900,7952914,"https://en.wikipedia.org/wiki/Film, https://en.wikipedia.org/wiki/Entertainment, https://en.wikipedia.org/wiki/Lifestyle_(sociology)",Weaponized Nerd Rage WNR
Woke Busters,14200,6889464,"https://en.wikipedia.org/wiki/Film, https://en.wikipedia.org/wiki/Society, https://en.wikipedia.org/wiki/Entertainment, https://en.wikipedia.org/wiki/Humour",None
Woke Watchers,225,10058,"https://en.wikipedia.org/wiki/Entertainment, https://en.wikipedia.org/wiki/Lifestyle_(sociology), https://en.wikipedia.org/wiki/Humour, https://en.wikipedia.org/wiki/Society","""woke hollywood"" woke ""woke culture"" ""woke watchers"" hollywood"
Word of Wolf,1840000,394883127,"https://en.wikipedia.org/wiki/Film, https://en.wikipedia.org/wiki/Entertainment, https://en.wikipedia.org/wiki/Society","""Ð¡Ñ‚Ñ€Ð°ÑˆÐ½Ñ‹Ðµ Ð¸ÑÑ‚Ð¾Ñ€Ð¸Ð¸"" ""Ð¿ÐµÑ€ÐµÐ¿Ð¸ÑÐºÐ° Ð’Ðš Ð¥Ð¾Ñ€Ñ€Ð¾Ñ€"" ""Ð¸ÑÑ‚Ð¾Ñ€Ð¸Ð¸ Ð½Ð° Ð½Ð¾Ñ‡ÑŒ"" ""Ð¸ÑÑ‚Ð¾Ñ€Ð¸Ð¸ Ð¾Ñ‚ ÐºÐ¾Ñ‚Ð° Ð±ÐµÐ³ÐµÐ¼Ð¾Ñ‚Ð°"" ""ÐœÐ¸ÑÑ‚Ð¸Ñ‡ÐµÑÐºÐ¸Ðµ Ð¸ÑÑ‚Ð¾Ñ€Ð¸Ð¸"" ""ÑÑ‚Ñ€Ð°ÑˆÐ½Ñ‹Ðµ Ð¸ÑÑ‚Ð¾Ñ€Ð¸Ð¸ Ð½Ð° Ð½Ð¾Ñ‡ÑŒ"" ""ÐºÐ¾Ñ‚ Ð±ÐµÐ³ÐµÐ¼Ð¾Ñ‚"" ""Ð¸ÑÑ‚Ð¾Ñ€Ð¸Ð¸ Ñƒ ÐºÐ¾ÑÑ‚Ñ€Ð°"" ""ÑÑ‚Ñ€Ð°ÑˆÐ¸Ð»ÐºÐ¸ Ñƒ ÐºÐ¾ÑÑ‚Ñ€Ð°"" ""ÑÑ‚Ñ€Ð°ÑˆÐ¸Ð»ÐºÐ¸ Ð½Ð° Ð½Ð¾Ñ‡ÑŒ"" ""ÑÑ‚Ñ€Ð°ÑˆÐ½Ñ‹Ðµ Ð¸ÑÑ‚Ð¾Ñ€Ð¸Ð¸"" ""Ð¸ÑÑ‚Ð¾Ñ€Ð¸Ð¸ ÑÑ‚Ñ€Ð°ÑˆÐ½Ñ‹Ðµ"" ÑÑ‚Ñ€Ð°ÑˆÐ½Ð°Ñ Ð¸ÑÑ‚Ð¾Ñ€Ð¸Ñ Ð²Ð¸Ð´ÐµÐ¾ÑÑ‚Ñ€Ð°ÑˆÐ¸Ð»ÐºÐ¸ ""Ð½ÐµÐ¿ÐµÑ‚Ð° ÑÑ‚Ñ€Ð°ÑˆÐ¸Ð»ÐºÐ¸"""
Words of Paradise,1,0,None,None
WorldClassBullshitters,199000,61617874,"https://en.wikipedia.org/wiki/Hobby, https://en.wikipedia.org/wiki/Lifestyle_(sociology), https://en.wikipedia.org/wiki/Film, https://en.wikipedia.org/wiki/Entertainment","podcast movies film games comedy entertainment video ""star wars"" wcbs marvel ""wcbs toy video"""
Xray Girl,25900,1968663,"https://en.wikipedia.org/wiki/Role-playing_video_game, https://en.wikipedia.org/wiki/Action_game, https://en.wikipedia.org/wiki/Video_game_culture, https://en.wikipedia.org/wiki/Lifestyle_(sociology), https://en.wikipedia.org/wiki/Action-adventure_game",None
YellowFlash 2,463000,379294177,"https://en.wikipedia.org/wiki/Politics, https://en.wikipedia.org/wiki/Action_game, https://en.wikipedia.org/wiki/Society, https://en.wikipedia.org/wiki/Video_game_culture, https://en.wikipedia.org/wiki/Entertainment, https://en.wikipedia.org/wiki/Role-playing_video_game","Entertainment news movies anime comics marvel ""star wars"""
YinkaThatGuy,196000,63088902,"https://en.wikipedia.org/wiki/Politics, https://en.wikipedia.org/wiki/Society",None
